panel,algorithm,x,mean,se
risky_error,dqn,1000,0.2754162977536519,0.01044331806892444
greedy_risky_fraction,dqn,1000,1.0,0.0
risky_error,dqn,2000,0.2634095480442047,0.020250230361698044
greedy_risky_fraction,dqn,2000,1.0,0.0
risky_error,dqn,3000,0.25704209808508555,0.019963871597642627
greedy_risky_fraction,dqn,3000,1.0,0.0
risky_error,dqn,4000,0.09982679186016323,0.01616629323038845
greedy_risky_fraction,dqn,4000,0.3333333333333333,0.33333333333333337
risky_error,dqn,5000,0.1168234192232291,0.0183425454425072
greedy_risky_fraction,dqn,5000,0.6666666666666666,0.33333333333333337
risky_error,dqn,6000,0.11503763550519945,0.01610342830034875
greedy_risky_fraction,dqn,6000,0.6666666666666666,0.33333333333333337
risky_error,dqn,7000,0.04159331313272318,0.01403241065714535
greedy_risky_fraction,dqn,7000,0.0,0.0
risky_error,dqn,8000,0.0349776849548022,0.014145787947041685
greedy_risky_fraction,dqn,8000,0.0,0.0
risky_error,dqn,9000,0.03645292164385319,0.017591634456404184
greedy_risky_fraction,dqn,9000,0.0,0.0
risky_error,dqn,10000,0.10456763447821142,0.012031626303043672
greedy_risky_fraction,dqn,10000,0.6666666666666666,0.33333333333333337
risky_error,dqn,11000,0.10079718124369781,0.011691921583300955
greedy_risky_fraction,dqn,11000,0.6666666666666666,0.33333333333333337
risky_error,dqn,12000,0.10374435215195021,0.017766546911232823
greedy_risky_fraction,dqn,12000,0.6666666666666666,0.33333333333333337
risky_error,dqn,13000,0.0689742253869772,0.021033250510737022
greedy_risky_fraction,dqn,13000,0.3333333333333333,0.33333333333333337
risky_error,dqn,14000,0.05539312018950781,0.02340312548825297
greedy_risky_fraction,dqn,14000,0.0,0.0
risky_error,dqn,15000,0.06163520792126656,0.02011119800062977
greedy_risky_fraction,dqn,15000,0.0,0.0
risky_error,dqn,16000,0.05650297419726849,0.017328453603091067
greedy_risky_fraction,dqn,16000,0.0,0.0
risky_error,dqn,17000,0.04327783663074176,0.006994065236718531
greedy_risky_fraction,dqn,17000,0.0,0.0
risky_error,dqn,18000,0.04800932163000107,0.0009391556630120023
greedy_risky_fraction,dqn,18000,0.0,0.0
risky_error,dqn,19000,0.05077789529164633,0.003950874491931566
greedy_risky_fraction,dqn,19000,0.0,0.0
risky_error,dqn,20000,0.07395679433147113,0.02124869566292452
greedy_risky_fraction,dqn,20000,0.3333333333333333,0.33333333333333337
risky_error,dqn,21000,0.07659261975685756,0.020248991927829
greedy_risky_fraction,dqn,21000,0.3333333333333333,0.33333333333333337
risky_error,dqn,22000,0.07523855620622635,0.022011712117734398
greedy_risky_fraction,dqn,22000,0.3333333333333333,0.33333333333333337
risky_error,dqn,23000,0.02425259653727214,0.012039541513100554
greedy_risky_fraction,dqn,23000,0.0,0.0
risky_error,dqn,24000,0.03404870310425759,0.013084364796118235
greedy_risky_fraction,dqn,24000,0.0,0.0
risky_error,dqn,25000,0.031135984301567082,0.014593990547239184
greedy_risky_fraction,dqn,25000,0.0,0.0
risky_error,dqn,26000,0.10324368803699813,0.024244438640028843
greedy_risky_fraction,dqn,26000,0.3333333333333333,0.33333333333333337
risky_error,dqn,27000,0.08847278968989851,0.019563977954205922
greedy_risky_fraction,dqn,27000,0.3333333333333333,0.33333333333333337
risky_error,dqn,28000,0.08830393594006698,0.02622665324077191
greedy_risky_fraction,dqn,28000,0.3333333333333333,0.33333333333333337
risky_error,dqn,29000,0.09736620098600786,0.020971258058784067
greedy_risky_fraction,dqn,29000,0.6666666666666666,0.33333333333333337
risky_error,dqn,30000,0.10587339839835963,0.012742836272697646
greedy_risky_fraction,dqn,30000,0.6666666666666666,0.33333333333333337
risky_error,dqn,31000,0.11497109933694205,0.015539619782666476
greedy_risky_fraction,dqn,31000,0.6666666666666666,0.33333333333333337
risky_error,dqn,32000,0.11719650425265234,0.014896015976573005
greedy_risky_fraction,dqn,32000,0.6666666666666666,0.33333333333333337
risky_error,dqn,33000,0.11067128793895246,0.028772575606112006
greedy_risky_fraction,dqn,33000,0.3333333333333333,0.33333333333333337
risky_error,dqn,34000,0.10587329036494098,0.03206301034793592
greedy_risky_fraction,dqn,34000,0.3333333333333333,0.33333333333333337
risky_error,dqn,35000,0.10509240898241601,0.032262221043807764
greedy_risky_fraction,dqn,35000,0.3333333333333333,0.33333333333333337
risky_error,dqn,36000,0.061576029822230344,0.005876699943117576
greedy_risky_fraction,dqn,36000,0.0,0.0
risky_error,dqn,37000,0.06685541313389938,0.007107940663602892
greedy_risky_fraction,dqn,37000,0.0,0.0
risky_error,dqn,38000,0.06398112939298153,0.006242743698253591
greedy_risky_fraction,dqn,38000,0.0,0.0
risky_error,dqn,39000,0.08077600993464391,0.002278956314133761
greedy_risky_fraction,dqn,39000,0.0,0.0
risky_error,dqn,40000,0.09432636503378551,0.011154738650729653
greedy_risky_fraction,dqn,40000,0.3333333333333333,0.33333333333333337
risky_error,dqn,41000,0.10013170656065147,0.017250876430055618
greedy_risky_fraction,dqn,41000,0.3333333333333333,0.33333333333333337
risky_error,dqn,42000,0.07613444630304973,0.010573535948331022
greedy_risky_fraction,dqn,42000,0.0,0.0
risky_error,dqn,43000,0.07290540747437627,0.017402360225843537
greedy_risky_fraction,dqn,43000,0.3333333333333333,0.33333333333333337
risky_error,dqn,44000,0.07529395484303435,0.017742646282136856
greedy_risky_fraction,dqn,44000,0.3333333333333333,0.33333333333333337
risky_error,dqn,45000,0.07206748060509563,0.01954424050999396
greedy_risky_fraction,dqn,45000,0.0,0.0
risky_error,dqn,46000,0.07047683116296928,0.02409040024516873
greedy_risky_fraction,dqn,46000,0.3333333333333333,0.33333333333333337
risky_error,dqn,47000,0.07613499267896016,0.025689707043725186
greedy_risky_fraction,dqn,47000,0.3333333333333333,0.33333333333333337
risky_error,dqn,48000,0.07661915499965351,0.027631667017778083
greedy_risky_fraction,dqn,48000,0.3333333333333333,0.33333333333333337
risky_error,dqn,49000,0.08658913762867453,0.022906888728828664
greedy_risky_fraction,dqn,49000,0.3333333333333333,0.33333333333333337
risky_error,dqn,50000,0.08347184140483539,0.02367638582633051
greedy_risky_fraction,dqn,50000,0.3333333333333333,0.33333333333333337
risky_error,double_dqn,1000,0.1028564979719619,0.01170306138290412
greedy_risky_fraction,double_dqn,1000,0.3333333333333333,0.33333333333333337
risky_error,double_dqn,2000,0.0382074008161823,0.02862850500005239
greedy_risky_fraction,double_dqn,2000,0.3333333333333333,0.33333333333333337
risky_error,double_dqn,3000,0.08096661099791527,0.03681970510251866
greedy_risky_fraction,double_dqn,3000,0.3333333333333333,0.33333333333333337
risky_error,double_dqn,4000,0.02563628607988358,0.02338336264985804
greedy_risky_fraction,double_dqn,4000,0.0,0.0
risky_error,double_dqn,5000,0.03206966312229634,0.02451153997561242
greedy_risky_fraction,double_dqn,5000,0.0,0.0
risky_error,double_dqn,6000,0.04083006013433139,0.005733261720791663
greedy_risky_fraction,double_dqn,6000,0.0,0.0
risky_error,double_dqn,7000,0.051975547562042874,0.03092970096350833
greedy_risky_fraction,double_dqn,7000,0.3333333333333333,0.33333333333333337
risky_error,double_dqn,8000,0.001537591755390172,0.020089228070916412
greedy_risky_fraction,double_dqn,8000,0.0,0.0
risky_error,double_dqn,9000,-0.0444586097796758,0.02321319722580652
greedy_risky_fraction,double_dqn,9000,0.0,0.0
risky_error,double_dqn,10000,0.030249562650918965,0.025136729161041628
greedy_risky_fraction,double_dqn,10000,0.0,0.0
risky_error,double_dqn,11000,0.019400744924942658,0.015983135841093808
greedy_risky_fraction,double_dqn,11000,0.0,0.0
risky_error,double_dqn,12000,0.023932666122913365,0.02826372357897523
greedy_risky_fraction,double_dqn,12000,0.0,0.0
risky_error,double_dqn,13000,0.008313390652338668,0.03014580763814275
greedy_risky_fraction,double_dqn,13000,0.0,0.0
risky_error,double_dqn,14000,-0.02600916793942451,0.03173893941902919
greedy_risky_fraction,double_dqn,14000,0.0,0.0
risky_error,double_dqn,15000,-0.07453064318497975,0.020269669010950078
greedy_risky_fraction,double_dqn,15000,0.0,0.0
risky_error,double_dqn,16000,-0.09734875158468881,0.028233713265762288
greedy_risky_fraction,double_dqn,16000,0.0,0.0
risky_error,double_dqn,17000,0.020120102206865952,0.024371223791697382
greedy_risky_fraction,double_dqn,17000,0.0,0.0
risky_error,double_dqn,18000,0.027371954709291463,0.03666736219007465
greedy_risky_fraction,double_dqn,18000,0.0,0.0
risky_error,double_dqn,19000,0.045755706643064824,0.03726578201306777
greedy_risky_fraction,double_dqn,19000,0.0,0.0
risky_error,double_dqn,20000,0.06660628077511986,0.01912781031686388
greedy_risky_fraction,double_dqn,20000,0.0,0.0
risky_error,double_dqn,21000,0.035821198090910916,0.042554975670687195
greedy_risky_fraction,double_dqn,21000,0.0,0.0
risky_error,double_dqn,22000,-0.059373379769424604,0.11353020619255409
greedy_risky_fraction,double_dqn,22000,0.0,0.0
risky_error,double_dqn,23000,0.03414210482438406,0.028226357848864132
greedy_risky_fraction,double_dqn,23000,0.0,0.0
risky_error,double_dqn,24000,0.0633392963334918,0.016532044802015054
greedy_risky_fraction,double_dqn,24000,0.0,0.0
risky_error,double_dqn,25000,0.04508266217013201,0.024692833480778834
greedy_risky_fraction,double_dqn,25000,0.0,0.0
risky_error,double_dqn,26000,0.05906116953988871,0.014521335683933321
greedy_risky_fraction,double_dqn,26000,0.0,0.0
risky_error,double_dqn,27000,0.0739281662516296,0.014409910363829806
greedy_risky_fraction,double_dqn,27000,0.0,0.0
risky_error,double_dqn,28000,0.07939954729999106,0.018578652989457368
greedy_risky_fraction,double_dqn,28000,0.3333333333333333,0.33333333333333337
risky_error,double_dqn,29000,0.08130115471718212,0.023469806912568218
greedy_risky_fraction,double_dqn,29000,0.6666666666666666,0.33333333333333337
risky_error,double_dqn,30000,0.08194169114281734,0.020167072758757672
greedy_risky_fraction,double_dqn,30000,0.3333333333333333,0.33333333333333337
risky_error,double_dqn,31000,0.03508824287851652,0.014394521109828943
greedy_risky_fraction,double_dqn,31000,0.0,0.0
risky_error,double_dqn,32000,0.04418226012587548,0.008694208864041835
greedy_risky_fraction,double_dqn,32000,0.0,0.0
risky_error,double_dqn,33000,0.06533528359234334,0.018858659687510406
greedy_risky_fraction,double_dqn,33000,0.0,0.0
risky_error,double_dqn,34000,0.06315974106639624,0.024532252345707255
greedy_risky_fraction,double_dqn,34000,0.0,0.0
risky_error,double_dqn,35000,0.06046899461746216,0.024376629495710782
greedy_risky_fraction,double_dqn,35000,0.3333333333333333,0.33333333333333337
risky_error,double_dqn,36000,0.06062341224650542,0.013479516218853247
greedy_risky_fraction,double_dqn,36000,0.0,0.0
risky_error,double_dqn,37000,0.04317323544621468,0.017032276585699394
greedy_risky_fraction,double_dqn,37000,0.0,0.0
risky_error,double_dqn,38000,0.043986224174499516,0.014145575741657696
greedy_risky_fraction,double_dqn,38000,0.0,0.0
risky_error,double_dqn,39000,0.07679096150770784,0.017769012363887587
greedy_risky_fraction,double_dqn,39000,0.3333333333333333,0.33333333333333337
risky_error,double_dqn,40000,0.07565199544280768,0.01577577169653183
greedy_risky_fraction,double_dqn,40000,0.0,0.0
risky_error,double_dqn,41000,0.07913265896588564,0.012872338850002772
greedy_risky_fraction,double_dqn,41000,0.3333333333333333,0.33333333333333337
risky_error,double_dqn,42000,0.07914367992679279,0.0065178135138192796
greedy_risky_fraction,double_dqn,42000,0.0,0.0
risky_error,double_dqn,43000,0.07084642404317856,0.03753910571850136
greedy_risky_fraction,double_dqn,43000,0.3333333333333333,0.33333333333333337
risky_error,double_dqn,44000,0.03960933776199818,0.024949737878570483
greedy_risky_fraction,double_dqn,44000,0.0,0.0
risky_error,double_dqn,45000,0.04380013971527418,0.014010794591121253
greedy_risky_fraction,double_dqn,45000,0.0,0.0
risky_error,double_dqn,46000,0.05822550993661086,0.01737839089080756
greedy_risky_fraction,double_dqn,46000,0.0,0.0
risky_error,double_dqn,47000,0.04769436075290045,0.016837077403129102
greedy_risky_fraction,double_dqn,47000,0.0,0.0
risky_error,double_dqn,48000,0.026543450146913533,0.01856063248508281
greedy_risky_fraction,double_dqn,48000,0.0,0.0
risky_error,double_dqn,49000,0.06695283548999578,0.017515725898753776
greedy_risky_fraction,double_dqn,49000,0.3333333333333333,0.33333333333333337
risky_error,double_dqn,50000,0.07097409626096488,0.010529952945453846
greedy_risky_fraction,double_dqn,50000,0.3333333333333333,0.33333333333333337
late_value_error,dqn,2,0.022283672863335324,0.0044301370192636365
late_value_error,dqn,10,0.08037739260864414,0.010224419302817495
late_value_error,dqn,50,0.10781956377997994,0.009336027900090893
late_value_error,double_dqn,2,0.01840583096760692,0.01609565426526849
late_value_error,double_dqn,10,0.059870408040302046,0.005140775091810832
late_value_error,double_dqn,50,0.10228927403527566,0.0073442602996439755
