environment,source_directory
NoisyMax,results/runs/noisy_max/dqn/20260911_212330_157585
NoisyMax,results/runs/noisy_max/dqn/20260911_212447_972853
NoisyMax,results/runs/noisy_max/dqn/20260911_212605_112762
NoisyMax,results/runs/noisy_max/dqn/20260911_212723_217864
NoisyMax,results/runs/noisy_max/dqn/20260911_212840_770706
NoisyMax,results/runs/noisy_max/dqn/20260911_212958_288294
NoisyMax,results/runs/noisy_max/dqn/20260911_213115_848110
NoisyMax,results/runs/noisy_max/dqn/20260911_213234_442382
NoisyMax,results/runs/noisy_max/dqn/20260911_213351_325145
NoisyMax,results/runs/noisy_max/dqn/20260912_135015_815213
NoisyMax,results/runs/noisy_max/dqn/20260912_135134_115974
NoisyMax,results/runs/noisy_max/dqn/20260912_135255_128799
NoisyMax,results/runs/noisy_max/dqn/20260912_140129_519131
NoisyMax,results/runs/noisy_max/dqn/20260912_140249_530851
NoisyMax,results/runs/noisy_max/dqn/20260912_140410_417612
NoisyMax,results/runs/noisy_max/double_dqn/20260911_212409_153370
NoisyMax,results/runs/noisy_max/double_dqn/20260911_212526_662068
NoisyMax,results/runs/noisy_max/double_dqn/20260911_212644_004314
NoisyMax,results/runs/noisy_max/double_dqn/20260911_212802_172631
NoisyMax,results/runs/noisy_max/double_dqn/20260911_212919_589769
NoisyMax,results/runs/noisy_max/double_dqn/20260911_213037_247642
NoisyMax,results/runs/noisy_max/double_dqn/20260911_213155_201318
NoisyMax,results/runs/noisy_max/double_dqn/20260911_213313_000696
NoisyMax,results/runs/noisy_max/double_dqn/20260911_213429_679598
NoisyMax,results/runs/noisy_max/double_dqn/20260912_135055_166179
NoisyMax,results/runs/noisy_max/double_dqn/20260912_135215_358866
NoisyMax,results/runs/noisy_max/double_dqn/20260912_135334_739628
NoisyMax,results/runs/noisy_max/double_dqn/20260912_140208_957212
NoisyMax,results/runs/noisy_max/double_dqn/20260912_140330_221472
NoisyMax,results/runs/noisy_max/double_dqn/20260912_140450_796705
Acrobot,results/runs/acrobot/dqn/20260912_133132_939190
Acrobot,results/runs/acrobot/dqn/20260912_133455_134961
Acrobot,results/runs/acrobot/dqn/20260912_133820_949311
Acrobot,results/runs/acrobot/double_dqn/20260912_133311_603366
Acrobot,results/runs/acrobot/double_dqn/20260912_133638_932766
Acrobot,results/runs/acrobot/double_dqn/20260912_134007_581603
