algorithm,seed,step,checkpoint_mean,checkpoint_timeouts
dqn,0,0,-500.0,20
dqn,0,5000,-500.0,20
dqn,0,10000,-500.0,20
dqn,0,15000,-328.15,0
dqn,0,20000,-338.85,5
dqn,0,25000,-482.85,18
dqn,0,30000,-500.0,20
dqn,0,35000,-500.0,20
dqn,0,40000,-156.25,0
dqn,0,45000,-500.0,20
dqn,0,50000,-362.75,1
dqn,0,55000,-195.8,0
dqn,0,60000,-500.0,20
dqn,0,65000,-500.0,20
dqn,0,70000,-345.95,11
dqn,0,75000,-500.0,20
dqn,0,80000,-500.0,20
dqn,0,85000,-105.25,0
dqn,0,90000,-500.0,20
dqn,0,95000,-464.35,18
dqn,0,100000,-500.0,20
dqn,0,105000,-360.3,13
dqn,0,110000,-380.95,14
dqn,0,115000,-98.95,0
dqn,0,120000,-90.7,0
dqn,0,125000,-440.0,17
dqn,0,130000,-92.0,0
dqn,0,135000,-87.4,0
dqn,0,140000,-85.8,0
dqn,0,145000,-88.1,0
dqn,0,150000,-110.95,0
dqn,0,155000,-76.15,0
dqn,0,160000,-90.45,0
dqn,0,165000,-109.2,1
dqn,0,170000,-112.05,1
dqn,0,175000,-87.45,0
dqn,0,180000,-317.35,11
dqn,0,185000,-108.95,1
dqn,0,190000,-82.95,0
dqn,0,195000,-104.9,0
dqn,0,200000,-82.9,0
dqn,1,0,-500.0,20
dqn,1,5000,-500.0,20
dqn,1,10000,-500.0,20
dqn,1,15000,-500.0,20
dqn,1,20000,-203.85,0
dqn,1,25000,-500.0,20
dqn,1,30000,-500.0,20
dqn,1,35000,-307.3,7
dqn,1,40000,-500.0,20
dqn,1,45000,-220.6,3
dqn,1,50000,-500.0,20
dqn,1,55000,-500.0,20
dqn,1,60000,-500.0,20
dqn,1,65000,-204.15,5
dqn,1,70000,-368.9,12
dqn,1,75000,-500.0,20
dqn,1,80000,-149.75,2
dqn,1,85000,-87.95,0
dqn,1,90000,-500.0,20
dqn,1,95000,-500.0,20
dqn,1,100000,-97.6,0
dqn,1,105000,-96.1,0
dqn,1,110000,-89.25,0
dqn,1,115000,-102.85,0
dqn,1,120000,-83.65,0
dqn,1,125000,-429.75,16
dqn,1,130000,-97.7,0
dqn,1,135000,-80.2,0
dqn,1,140000,-119.65,1
dqn,1,145000,-135.0,2
dqn,1,150000,-500.0,20
dqn,1,155000,-94.9,0
dqn,1,160000,-84.25,0
dqn,1,165000,-92.6,0
dqn,1,170000,-97.15,0
dqn,1,175000,-500.0,20
dqn,1,180000,-143.95,3
dqn,1,185000,-75.85,0
dqn,1,190000,-358.55,13
dqn,1,195000,-295.6,8
dqn,1,200000,-87.25,0
dqn,2,0,-500.0,20
dqn,2,5000,-500.0,20
dqn,2,10000,-500.0,20
dqn,2,15000,-189.7,0
dqn,2,20000,-478.05,17
dqn,2,25000,-500.0,20
dqn,2,30000,-500.0,20
dqn,2,35000,-169.1,0
dqn,2,40000,-500.0,20
dqn,2,45000,-500.0,20
dqn,2,50000,-500.0,20
dqn,2,55000,-500.0,20
dqn,2,60000,-136.05,0
dqn,2,65000,-332.25,10
dqn,2,70000,-218.15,0
dqn,2,75000,-408.2,15
dqn,2,80000,-500.0,20
dqn,2,85000,-480.3,19
dqn,2,90000,-500.0,20
dqn,2,95000,-500.0,20
dqn,2,100000,-500.0,20
dqn,2,105000,-210.8,5
dqn,2,110000,-500.0,20
dqn,2,115000,-179.65,4
dqn,2,120000,-84.9,0
dqn,2,125000,-88.85,0
dqn,2,130000,-89.15,0
dqn,2,135000,-170.25,3
dqn,2,140000,-130.65,1
dqn,2,145000,-92.4,0
dqn,2,150000,-479.5,19
dqn,2,155000,-104.75,0
dqn,2,160000,-96.8,0
dqn,2,165000,-79.2,0
dqn,2,170000,-478.95,19
dqn,2,175000,-94.3,0
dqn,2,180000,-91.35,0
dqn,2,185000,-91.5,0
dqn,2,190000,-80.6,0
dqn,2,195000,-88.6,0
dqn,2,200000,-77.5,0
double_dqn,0,0,-500.0,20
double_dqn,0,5000,-450.45,13
double_dqn,0,10000,-442.45,14
double_dqn,0,15000,-500.0,20
double_dqn,0,20000,-94.15,0
double_dqn,0,25000,-500.0,20
double_dqn,0,30000,-177.6,1
double_dqn,0,35000,-500.0,20
double_dqn,0,40000,-500.0,20
double_dqn,0,45000,-437.95,16
double_dqn,0,50000,-500.0,20
double_dqn,0,55000,-456.05,17
double_dqn,0,60000,-99.35,0
double_dqn,0,65000,-137.25,0
double_dqn,0,70000,-143.65,2
double_dqn,0,75000,-213.3,5
double_dqn,0,80000,-96.3,0
double_dqn,0,85000,-87.7,0
double_dqn,0,90000,-87.15,0
double_dqn,0,95000,-230.15,7
double_dqn,0,100000,-89.4,0
double_dqn,0,105000,-83.2,0
double_dqn,0,110000,-92.25,0
double_dqn,0,115000,-82.25,0
double_dqn,0,120000,-78.85,0
double_dqn,0,125000,-84.2,0
double_dqn,0,130000,-78.4,0
double_dqn,0,135000,-98.05,0
double_dqn,0,140000,-81.1,0
double_dqn,0,145000,-103.65,0
double_dqn,0,150000,-88.9,0
double_dqn,0,155000,-89.4,0
double_dqn,0,160000,-83.6,0
double_dqn,0,165000,-87.9,0
double_dqn,0,170000,-95.25,0
double_dqn,0,175000,-95.0,0
double_dqn,0,180000,-75.5,0
double_dqn,0,185000,-85.25,0
double_dqn,0,190000,-165.25,3
double_dqn,0,195000,-86.3,0
double_dqn,0,200000,-85.9,0
double_dqn,1,0,-500.0,20
double_dqn,1,5000,-500.0,20
double_dqn,1,10000,-500.0,20
double_dqn,1,15000,-500.0,20
double_dqn,1,20000,-215.2,0
double_dqn,1,25000,-500.0,20
double_dqn,1,30000,-500.0,20
double_dqn,1,35000,-488.6,19
double_dqn,1,40000,-500.0,20
double_dqn,1,45000,-314.4,2
double_dqn,1,50000,-500.0,20
double_dqn,1,55000,-460.45,10
double_dqn,1,60000,-500.0,20
double_dqn,1,65000,-172.35,2
double_dqn,1,70000,-500.0,20
double_dqn,1,75000,-500.0,20
double_dqn,1,80000,-481.9,19
double_dqn,1,85000,-500.0,20
double_dqn,1,90000,-500.0,20
double_dqn,1,95000,-500.0,20
double_dqn,1,100000,-96.7,0
double_dqn,1,105000,-500.0,20
double_dqn,1,110000,-110.3,0
double_dqn,1,115000,-79.0,0
double_dqn,1,120000,-125.25,0
double_dqn,1,125000,-92.1,0
double_dqn,1,130000,-106.2,0
double_dqn,1,135000,-85.75,0
double_dqn,1,140000,-87.85,0
double_dqn,1,145000,-150.7,2
double_dqn,1,150000,-86.95,0
double_dqn,1,155000,-90.6,0
double_dqn,1,160000,-83.6,0
double_dqn,1,165000,-91.9,0
double_dqn,1,170000,-85.45,0
double_dqn,1,175000,-218.95,6
double_dqn,1,180000,-136.15,2
double_dqn,1,185000,-88.65,0
double_dqn,1,190000,-84.55,0
double_dqn,1,195000,-86.3,0
double_dqn,1,200000,-93.4,0
double_dqn,2,0,-500.0,20
double_dqn,2,5000,-500.0,20
double_dqn,2,10000,-500.0,20
double_dqn,2,15000,-500.0,20
double_dqn,2,20000,-500.0,20
double_dqn,2,25000,-500.0,20
double_dqn,2,30000,-500.0,20
double_dqn,2,35000,-500.0,20
double_dqn,2,40000,-500.0,20
double_dqn,2,45000,-500.0,20
double_dqn,2,50000,-500.0,20
double_dqn,2,55000,-105.2,0
double_dqn,2,60000,-98.85,0
double_dqn,2,65000,-500.0,20
double_dqn,2,70000,-500.0,20
double_dqn,2,75000,-500.0,20
double_dqn,2,80000,-500.0,20
double_dqn,2,85000,-500.0,20
double_dqn,2,90000,-500.0,20
double_dqn,2,95000,-500.0,20
double_dqn,2,100000,-500.0,20
double_dqn,2,105000,-500.0,20
double_dqn,2,110000,-500.0,20
double_dqn,2,115000,-475.8,18
double_dqn,2,120000,-86.45,0
double_dqn,2,125000,-87.55,0
double_dqn,2,130000,-479.7,19
double_dqn,2,135000,-119.95,1
double_dqn,2,140000,-101.35,0
double_dqn,2,145000,-86.65,0
double_dqn,2,150000,-85.1,0
double_dqn,2,155000,-500.0,20
double_dqn,2,160000,-92.95,0
double_dqn,2,165000,-86.3,0
double_dqn,2,170000,-83.0,0
double_dqn,2,175000,-89.45,0
double_dqn,2,180000,-88.0,0
double_dqn,2,185000,-83.4,0
double_dqn,2,190000,-97.8,0
double_dqn,2,195000,-83.85,0
double_dqn,2,200000,-82.95,0
