environment_step,learning_update,safe_q,risky_q,maximum_noisy_q,safe_signed_error,safe_absolute_error,risky_signed_error,risky_absolute_error,noisy_signed_error,noisy_absolute_error,greedy_risky_choice,training_risky_fraction,noisy_state_visits,action_0_samples,action_1_samples,action_2_samples,action_3_samples,action_4_samples,action_5_samples,action_6_samples,action_7_samples,action_8_samples,action_9_samples,action_10_samples,action_11_samples,action_12_samples,action_13_samples,action_14_samples,action_15_samples,action_16_samples,action_17_samples,action_18_samples,action_19_samples,action_20_samples,action_21_samples,action_22_samples,action_23_samples,action_24_samples,action_25_samples,action_26_samples,action_27_samples,action_28_samples,action_29_samples,action_30_samples,action_31_samples,action_32_samples,action_33_samples,action_34_samples,action_35_samples,action_36_samples,action_37_samples,action_38_samples,action_39_samples,action_40_samples,action_41_samples,action_42_samples,action_43_samples,action_44_samples,action_45_samples,action_46_samples,action_47_samples,action_48_samples,action_49_samples
1000,94,-0.01014019176363945,0.16606596112251282,0.14056728780269623,-0.01014019176363945,0.01014019176363945,0.2650659611225128,0.2650659611225128,0.24056728780269623,0.24056728780269623,1,0.8315018315018315,454,2,62,2,0,28,1,4,3,1,12,3,3,0,2,3,83,2,0,0,30,1,19,0,1,1,0,23,0,0,1,26,0,1,2,1,26,30,0,0,1,40,0,1,7,0,27,4,0,0,1
2000,194,-0.009110979735851288,0.1891133040189743,0.14941571652889252,-0.009110979735851288,0.009110979735851288,0.2881133040189743,0.2881133040189743,0.24941571652889252,0.24941571652889252,1,0.8930936613055819,944,2,62,3,0,29,2,4,4,2,15,5,3,1,5,6,86,104,0,1,31,3,19,4,1,2,0,25,0,2,46,26,46,113,3,94,28,77,0,1,3,41,0,1,7,0,28,5,0,1,2
3000,294,-0.01312200352549553,0.17506536841392517,0.10017437487840652,-0.01312200352549553,0.01312200352549553,0.27406536841392515,0.27406536841392515,0.20017437487840653,0.20017437487840653,1,0.9041878172588832,1425,5,64,5,1,30,3,4,5,3,16,6,3,1,5,7,87,105,0,1,31,3,19,4,1,3,15,25,25,3,49,26,46,161,4,97,151,200,3,2,3,42,14,1,8,94,29,7,2,1,4
4000,394,0.008676335215568542,0.15833598375320435,0.12151212245225906,0.008676335215568542,0.008676335215568542,0.2573359837532043,0.2573359837532043,0.22151212245225907,0.22151212245225907,1,0.9193857965451055,1916,6,66,8,1,30,5,5,5,94,19,174,4,1,7,7,88,105,2,1,32,4,21,4,3,3,16,25,61,4,51,26,46,162,4,100,151,201,3,2,4,43,14,1,10,94,30,8,158,2,5
5000,494,-0.005419943481683731,0.1587894856929779,0.06800001114606857,-0.005419943481683731,0.005419943481683731,0.2577894856929779,0.2577894856929779,0.16800001114606858,0.16800001114606858,1,0.9242016160061562,2402,7,67,8,1,59,6,7,7,342,21,184,4,1,7,9,88,105,15,2,33,7,22,5,6,5,18,25,61,33,52,29,46,234,6,100,189,202,5,4,4,44,15,1,11,96,31,8,161,2,6
6000,594,-0.0039016753435134888,0.1636275053024292,0.08242074400186539,-0.0039016753435134888,0.0039016753435134888,0.2626275053024292,0.2626275053024292,0.1824207440018654,0.1824207440018654,1,0.9305019305019305,2892,9,67,10,3,59,6,197,9,342,26,188,6,3,8,11,90,105,139,4,33,7,22,6,6,6,18,26,100,69,52,30,46,237,6,102,233,204,7,5,7,45,17,3,12,96,32,11,161,4,7
7000,694,0.008236685767769814,0.040378011763095856,0.0683431550860405,0.008236685767769814,0.008236685767769814,0.13937801176309586,0.13937801176309586,0.1683431550860405,0.1683431550860405,1,0.932376483577146,3378,9,68,14,3,60,6,197,9,342,27,189,6,6,8,12,90,107,139,5,33,7,23,7,7,8,20,26,259,69,52,30,46,237,6,103,414,206,10,7,11,148,18,3,12,98,32,12,162,7,7
8000,794,-0.0111710075289011,0.047630295157432556,0.021781394258141518,-0.0111710075289011,0.0111710075289011,0.14663029515743256,0.14663029515743256,0.12178139425814152,0.12178139425814152,1,0.934010152284264,3864,12,68,14,3,60,8,200,29,344,27,191,8,7,8,12,90,108,140,6,34,7,24,8,8,10,22,84,380,69,53,31,46,237,43,105,417,207,12,8,72,150,19,4,15,99,32,12,305,7,8
9000,894,-0.003887210041284561,0.04749447852373123,0.08137089759111404,-0.003887210041284561,0.003887210041284561,0.14649447852373124,0.14649447852373124,0.18137089759111405,0.18137089759111405,1,0.9356989247311828,4351,12,69,15,5,60,8,332,29,345,27,361,11,7,8,14,92,110,141,6,34,8,26,9,8,10,23,84,381,69,53,31,46,238,67,106,417,208,13,133,72,150,20,6,16,100,32,14,306,8,10
10000,994,-0.0014111599884927273,0.10171796381473541,0.019967101514339447,-0.0014111599884927273,0.0014111599884927273,0.20071796381473542,0.20071796381473542,0.11996710151433945,0.11996710151433945,1,0.936858415649816,4837,13,70,19,5,62,9,545,30,347,29,521,12,7,8,16,92,113,141,6,36,8,27,10,8,10,23,86,381,69,53,33,48,238,69,108,417,210,15,196,72,151,20,7,16,102,34,17,306,10,12
11000,1094,-0.0057561080902814865,0.09385664016008377,0.08624819666147232,-0.0057561080902814865,0.0057561080902814865,0.19285664016008378,0.19285664016008378,0.18624819666147233,0.18624819666147233,1,0.9378192707415889,5324,13,73,20,6,62,10,562,32,348,29,521,12,7,9,18,93,113,142,6,36,9,27,11,10,10,25,86,383,69,54,34,51,239,141,109,419,433,17,197,72,153,22,7,18,102,34,146,309,11,13
12000,1194,-0.004975190386176109,0.0947955921292305,0.07816735655069351,-0.004975190386176109,0.004975190386176109,0.1937955921292305,0.1937955921292305,0.17816735655069352,0.17816735655069352,1,0.9395506707612736,5813,13,73,20,6,63,11,562,34,376,32,522,12,7,11,19,93,113,143,7,37,10,27,11,11,10,26,87,385,72,55,36,53,241,142,109,420,434,17,198,72,154,23,7,21,105,35,562,310,12,14
13000,1294,-0.03140852227807045,-0.04333334416151047,0.002232905477285385,-0.03140852227807045,0.03140852227807045,0.05566665583848954,0.05566665583848954,0.10223290547728539,0.10223290547728539,0,0.9365410397735736,6287,13,73,20,7,65,12,562,35,695,36,523,12,8,12,19,94,115,143,7,38,11,28,14,11,11,27,87,496,73,55,37,53,245,142,110,425,436,17,199,73,154,24,7,21,105,36,563,310,12,16
14000,1394,-0.007793363183736801,-1.998990774154663e-05,0.017919952049851418,-0.007793363183736801,0.007793363183736801,0.09898001009225846,0.09898001009225846,0.11791995204985142,0.11791995204985142,1,0.8968974393713589,6620,15,73,22,7,65,12,562,91,695,37,523,13,9,12,19,94,115,145,8,39,15,29,15,11,11,28,87,500,74,56,38,55,246,143,110,425,436,17,199,73,155,24,7,21,107,36,628,310,12,195
15000,1494,-0.01023954339325428,0.0009133666753768921,0.07970894128084183,-0.01023954339325428,0.01023954339325428,0.0999133666753769,0.0999133666753769,0.17970894128084183,0.17970894128084183,1,0.837109614206981,6835,16,76,23,7,65,12,562,93,695,38,523,13,10,13,20,94,115,145,9,39,15,29,15,12,11,28,88,674,74,56,38,55,246,144,110,425,437,19,200,73,155,24,7,23,109,37,646,310,12,195
16000,1594,0.012122010812163353,-0.0014161542057991028,0.015274561941623688,0.012122010812163353,0.012122010812163353,0.0975838457942009,0.0975838457942009,0.1152745619416237,0.1152745619416237,0,0.7899093858373419,7061,16,77,23,7,65,12,562,118,695,38,524,13,10,13,21,94,115,145,9,39,16,30,15,12,11,28,88,803,75,57,38,55,247,146,110,426,438,21,200,73,212,24,7,23,109,37,646,310,13,195
17000,1694,-0.0003972463309764862,0.029819637537002563,0.008534882217645645,-0.0003972463309764862,0.0003972463309764862,0.12881963753700257,0.12881963753700257,0.10853488221764565,0.10853488221764565,1,0.7950585999366487,7530,18,78,23,21,65,14,562,119,695,39,524,13,10,13,21,97,116,145,9,39,17,30,16,13,12,30,89,803,77,61,40,56,248,147,110,442,441,23,200,73,608,25,9,26,110,37,646,310,14,195
18000,1794,-0.006026770919561386,0.028522789478302002,0.00024782121181488037,-0.006026770919561386,0.006026770919561386,0.127522789478302,0.127522789478302,0.10024782121181489,0.10024782121181489,1,0.8023430459597477,8013,19,79,23,21,65,17,565,121,695,39,525,14,10,17,21,98,116,147,10,42,17,30,19,14,14,30,90,804,80,62,43,58,295,148,111,455,442,25,201,73,609,26,10,78,111,38,646,313,329,198
19000,1894,0.003256663680076599,0.029765501618385315,0.05203680694103241,0.003256663680076599,0.003256663680076599,0.12876550161838532,0.12876550161838532,0.15203680694103242,0.15203680694103242,1,0.809791408705591,8502,19,79,24,23,65,19,566,210,695,39,527,17,10,17,23,98,116,148,11,43,17,31,19,15,16,31,90,805,82,62,44,58,317,149,113,715,443,26,203,74,610,27,10,125,111,40,677,313,329,200
20000,1994,0.0014665722846984863,0.07575126737356186,0.047661930322647095,0.0014665722846984863,0.0014665722846984863,0.17475126737356186,0.17475126737356186,0.1476619303226471,0.1476619303226471,1,0.8167862657825415,8992,19,81,24,25,67,20,566,211,695,40,528,17,11,222,24,99,117,150,12,44,18,32,19,15,16,31,91,806,82,63,44,60,319,150,114,716,445,26,203,77,631,28,10,345,114,40,677,314,331,202
21000,2094,0.0014721080660820007,0.07698432356119156,0.044119566679000854,0.0014721080660820007,0.0014721080660820007,0.17598432356119156,0.17598432356119156,0.14411956667900086,0.14411956667900086,1,0.8226870335011283,9479,19,82,26,249,68,22,566,213,695,41,529,18,11,442,24,100,117,151,13,45,18,33,20,19,16,33,92,807,84,63,44,62,319,150,114,718,448,27,205,78,631,28,11,346,115,40,679,314,331,202
22000,2194,0.0005973055958747864,0.0750621035695076,0.014327805489301682,0.0005973055958747864,0.0005973055958747864,0.1740621035695076,0.1740621035695076,0.11432780548930169,0.11432780548930169,1,0.82869254426066,9970,23,82,27,528,68,22,569,213,695,42,530,18,13,442,25,100,117,152,15,47,19,136,21,22,17,34,94,808,87,64,46,64,321,152,114,718,448,28,205,79,632,28,12,408,116,40,679,316,331,202
23000,2294,0.000148039311170578,0.02673238515853882,0.022933896631002426,0.000148039311170578,0.000148039311170578,0.12573238515853882,0.12573238515853882,0.12293389663100243,0.12293389663100243,1,0.8285237300262343,10422,25,84,28,528,68,22,569,213,696,42,531,19,14,446,25,100,118,153,17,49,20,156,21,266,18,34,95,809,87,65,47,65,323,152,115,718,449,29,205,80,634,28,12,520,117,40,720,316,331,202
24000,2394,-0.006353598088026047,0.02343229204416275,-0.028998812660574913,-0.006353598088026047,0.006353598088026047,0.12243229204416275,0.12243229204416275,0.07100118733942509,0.07100118733942509,1,0.8329769360012219,10907,27,85,28,528,71,22,570,214,696,42,533,19,16,448,25,102,119,155,17,50,21,156,21,489,18,36,95,810,89,65,48,66,323,154,115,935,451,29,207,80,635,29,13,521,118,43,720,317,333,202
25000,2494,0.004146527498960495,0.01971154659986496,-0.03547397628426552,0.004146527498960495,0.004146527498960495,0.11871154659986496,0.11871154659986496,0.06452602371573449,0.06452602371573449,1,0.8371546149323927,11392,29,86,28,529,72,24,570,407,696,70,534,20,16,448,28,105,121,155,20,50,22,157,21,491,21,36,96,811,92,67,48,67,326,156,115,946,452,30,209,80,662,30,13,522,297,43,721,317,334,202
26000,2594,-0.0008016061037778854,-0.024125009775161743,-0.022339385002851486,-0.0008016061037778854,0.0008016061037778854,0.07487499022483826,0.07487499022483826,0.07766061499714852,0.07766061499714852,0,0.826355717898286,11764,29,87,45,529,73,25,572,493,697,163,534,20,17,449,28,107,121,155,21,51,22,158,21,492,22,38,98,811,92,68,48,71,326,157,115,946,452,32,210,80,663,30,13,523,428,43,736,317,334,202
27000,2694,1.1253869161009789e-05,-0.032684579491615295,0.006790956482291222,1.1253869161009789e-05,1.1253869161009789e-05,0.06631542050838471,0.06631542050838471,0.10679095648229123,0.10679095648229123,0,0.7779533781114184,11814,29,87,45,529,73,25,572,493,697,163,534,20,17,449,28,107,122,155,21,51,22,159,21,492,22,38,98,811,92,68,48,71,326,157,115,946,452,32,210,80,666,30,13,523,428,43,781,317,334,202
28000,2794,0.0005395868793129921,-0.03012160211801529,0.05016474425792694,0.0005395868793129921,0.0005395868793129921,0.06887839788198472,0.06887839788198472,0.15016474425792695,0.15016474425792695,0,0.7350353203618788,11862,30,87,45,529,73,26,572,493,697,163,535,20,17,449,28,107,123,155,21,51,22,159,21,492,22,40,98,811,92,69,49,72,326,157,115,946,453,32,210,80,667,30,13,524,428,44,816,317,334,202
29000,2894,-0.026378218084573746,0.11949282884597778,0.10576773434877396,-0.026378218084573746,0.026378218084573746,0.2184928288459778,0.2184928288459778,0.20576773434877396,0.20576773434877396,1,0.7004808256127595,11946,30,87,108,529,73,26,572,493,698,163,537,21,17,449,29,107,124,157,22,51,22,159,21,492,22,40,98,811,92,69,49,72,326,157,115,946,453,32,210,80,667,30,14,524,428,44,827,317,334,202
30000,2994,-0.0006060805171728134,0.08570457249879837,0.04741271585226059,-0.0006060805171728134,0.0006060805171728134,0.18470457249879838,0.18470457249879838,0.1474127158522606,0.1474127158522606,1,0.7079016281452807,12435,30,87,429,531,73,27,574,494,827,163,538,21,17,450,31,108,124,157,22,51,23,161,21,492,23,42,98,812,95,70,49,74,326,157,115,946,453,33,212,81,669,30,14,524,428,45,828,320,334,205
31000,3094,-0.0016816724091768265,0.08362159878015518,0.04169127345085144,-0.0016816724091768265,0.0016816724091768265,0.1826215987801552,0.1826215987801552,0.14169127345085145,0.14169127345085145,1,0.714791459232216,12922,33,89,429,532,74,28,575,494,1184,165,538,21,17,452,31,111,124,158,22,53,23,161,22,493,23,42,100,814,95,70,51,74,327,248,115,946,453,33,213,81,671,30,15,528,429,45,831,320,334,205
32000,3194,0.0006927736103534698,0.0823807492852211,0.031916819512844086,0.0006927736103534698,0.0006927736103534698,0.1813807492852211,0.1813807492852211,0.1319168195128441,0.1319168195128441,1,0.7208539470853947,13405,34,89,429,532,75,28,576,498,1243,167,540,21,19,452,163,111,124,160,22,53,25,162,22,493,24,42,104,816,96,70,54,74,327,438,115,949,455,34,213,82,671,30,17,584,430,48,832,321,335,205
33000,3294,0.0006180610507726669,0.029682204127311707,0.030671190470457077,0.0006180610507726669,0.0006180610507726669,0.1286822041273117,0.1286822041273117,0.13067119047045708,0.13067119047045708,1,0.7254522639339119,13875,34,92,430,533,76,29,579,500,1244,167,540,23,19,452,590,112,124,160,22,54,25,163,22,493,26,42,104,817,96,71,56,75,328,438,115,950,455,34,214,84,671,33,17,586,432,49,832,322,338,206
34000,3394,-0.0011591799557209015,0.03439265489578247,0.09895817190408707,-0.0011591799557209015,0.0011591799557209015,0.13339265489578248,0.13339265489578248,0.19895817190408707,0.19895817190408707,1,0.7313881250636521,14363,34,94,430,534,79,30,579,503,1245,226,540,24,19,453,617,113,124,161,23,55,377,163,22,494,26,42,109,817,97,74,57,76,330,438,118,950,457,36,216,85,671,34,18,590,433,51,832,322,338,206
35000,3494,-0.0018478906713426113,0.034669868648052216,-0.03875550255179405,-0.0018478906713426113,0.0018478906713426113,0.13366986864805222,0.13366986864805222,0.06124449744820595,0.06124449744820595,1,0.736714136853074,14847,35,95,430,534,80,31,581,504,1254,307,541,24,20,454,617,114,124,162,23,56,651,163,24,518,26,44,110,817,98,76,58,76,330,438,118,950,457,38,216,86,740,34,18,590,434,51,833,322,338,207
36000,3594,-0.003321995958685875,-0.009307406842708588,-0.0367659330368042,-0.003321995958685875,0.003321995958685875,0.08969259315729142,0.08969259315729142,0.0632340669631958,0.0632340669631958,0,0.7186231918651835,15053,35,95,430,534,80,31,582,505,1371,307,541,26,20,455,617,114,125,162,25,58,651,163,24,518,27,45,110,817,98,76,58,76,331,438,118,950,459,40,217,87,740,36,18,656,434,52,833,323,338,207
37000,3694,2.3525208234786987e-06,-0.01862974464893341,-9.052641689777374e-05,2.3525208234786987e-06,2.3525208234786987e-06,0.0803702553510666,0.0803702553510666,0.09990947358310223,0.09990947358310223,0,0.6890349675887885,15094,35,95,430,534,80,31,582,505,1371,307,541,26,20,455,617,114,125,162,25,58,651,203,24,518,27,45,110,817,98,76,58,76,331,439,118,950,459,40,217,87,740,36,18,656,434,52,833,323,338,207
38000,3794,0.0006997983437031507,-0.018430426716804504,-0.031194213777780533,0.0006997983437031507,0.0006997983437031507,0.0805695732831955,0.0805695732831955,0.06880578622221947,0.06880578622221947,0,0.6627286251859631,15146,35,95,430,534,80,31,582,505,1371,307,541,26,21,455,617,114,125,162,25,58,666,238,24,518,27,45,110,817,98,76,58,76,331,439,118,950,459,41,217,87,740,36,18,656,434,52,833,323,338,207
39000,3894,-0.0004282929003238678,-0.02898240089416504,0.0007850416004657745,-0.0004282929003238678,0.0004282929003238678,0.07001759910583497,0.07001759910583497,0.10078504160046578,0.10078504160046578,0,0.6382424598840628,15194,35,95,435,534,80,31,583,505,1371,307,541,26,21,455,617,114,125,162,26,58,671,238,24,518,27,45,110,817,98,76,58,76,331,439,118,950,459,41,217,87,740,36,18,656,434,87,833,324,338,207
40000,3994,-0.00338954315520823,-0.030490905046463013,-0.018472468480467796,-0.00338954315520823,0.00338954315520823,0.06850909495353699,0.06850909495353699,0.08152753151953221,0.08152753151953221,0,0.6155088852988692,15240,35,96,435,534,80,31,583,505,1371,307,541,27,21,455,617,114,125,162,26,58,671,238,24,518,27,45,110,817,98,76,58,76,331,439,118,950,459,41,217,87,740,36,18,656,434,131,833,324,338,207
41000,4094,-0.0006370567716658115,-0.032119542360305786,-0.03099152445793152,-0.0006370567716658115,0.0006370567716658115,0.06688045763969422,0.06688045763969422,0.06900847554206849,0.06900847554206849,0,0.5960759887885394,15312,36,96,466,534,80,32,583,506,1396,307,545,27,21,455,617,114,125,162,26,59,671,238,24,519,27,47,110,817,98,76,58,76,331,439,119,950,460,41,217,87,740,36,19,656,434,133,833,324,338,207
42000,4194,0.0003559105098247528,-0.023543529212474823,-0.001248389482498169,0.0003559105098247528,0.0003559105098247528,0.07545647078752518,0.07545647078752518,0.09875161051750184,0.09875161051750184,0,0.5770501652147793,15368,36,96,467,534,80,32,583,506,1404,307,587,27,21,455,617,114,125,162,26,59,671,238,24,519,27,47,111,817,98,76,58,76,331,439,119,950,460,41,218,88,740,36,19,656,435,133,834,324,338,207
43000,4294,9.716523345559835e-05,-0.019264675676822662,0.007297774776816368,9.716523345559835e-05,9.716523345559835e-05,0.07973532432317734,0.07973532432317734,0.10729777477681637,0.10729777477681637,0,0.5591935893252112,15422,36,96,467,534,80,32,583,506,1404,307,624,27,21,455,617,114,125,162,26,59,671,238,24,520,27,47,111,817,98,76,58,76,331,439,119,950,460,41,218,88,754,37,19,656,435,133,834,324,338,207
44000,4394,-0.0002087187021970749,-0.02665846422314644,0.0019093155860900879,-0.0002087187021970749,0.0002087187021970749,0.07234153577685357,0.07234153577685357,0.1019093155860901,0.1019093155860901,0,0.5423984295579626,15473,36,96,467,534,80,32,583,506,1406,307,663,27,21,456,617,114,125,162,26,59,671,238,24,521,27,47,111,817,98,76,58,76,331,439,119,950,460,41,219,88,760,37,19,657,435,133,834,324,339,207
45000,4494,-0.0004723742604255676,0.00026660412549972534,-0.004031846299767494,-0.0004723742604255676,0.0004723742604255676,0.09926660412549973,0.09926660412549973,0.09596815370023251,0.09596815370023251,1,0.5261997625911481,15515,36,96,467,534,80,32,583,506,1406,307,700,27,21,456,617,115,125,162,26,60,671,238,24,521,27,47,111,817,98,76,58,76,332,439,119,950,461,41,219,88,760,37,19,657,435,133,835,324,339,207
46000,4594,0.0002740025520324707,-0.0006845593452453613,0.017299329861998558,0.0002740025520324707,0.0002740025520324707,0.09831544065475464,0.09831544065475464,0.11729932986199856,0.11729932986199856,0,0.5326691766901009,15987,40,97,467,536,81,33,583,507,1495,307,958,27,21,456,618,115,126,162,27,62,673,240,24,521,27,47,111,817,98,76,58,77,332,441,120,951,461,44,219,88,762,37,19,658,435,133,836,326,339,299
47000,4694,-9.448081254959106e-05,0.0023624226450920105,0.006784938275814056,-9.448081254959106e-05,9.448081254959106e-05,0.10136242264509202,0.10136242264509202,0.10678493827581406,0.10678493827581406,1,0.5376889354184388,16435,42,102,468,536,81,33,682,508,1519,308,1126,27,21,457,618,116,126,162,28,64,675,241,26,521,27,49,115,818,99,77,59,79,332,442,121,951,461,45,223,89,762,39,20,659,436,133,942,327,343,299
48000,4794,-0.00017054378986358643,0.011521399021148682,0.008676037192344666,-0.00017054378986358643,0.00017054378986358643,0.11052139902114869,0.11052139902114869,0.10867603719234467,0.10867603719234467,1,0.5425155858345652,16882,44,103,470,536,81,35,979,510,1622,309,1127,27,22,458,618,116,127,163,28,66,675,241,27,526,29,51,115,818,100,80,59,81,333,444,121,951,462,45,223,90,764,40,20,659,438,133,942,329,345,300
49000,4894,0.0006211251020431519,0.010098107159137726,0.001654965803027153,0.0006211251020431519,0.0006211251020431519,0.10909810715913773,0.10909810715913773,0.10165496580302716,0.10165496580302716,1,0.5489173383910226,17365,44,104,678,536,81,39,1008,511,1723,310,1227,27,22,459,619,118,127,165,28,68,676,243,28,527,32,52,115,818,102,81,60,81,333,446,122,952,465,45,223,90,766,41,22,661,439,133,943,330,345,300
50000,4994,-0.0003508627414703369,0.0033192262053489685,0.002854958176612854,-0.0003508627414703369,0.0003508627414703369,0.10231922620534897,0.10231922620534897,0.10285495817661286,0.10285495817661286,1,0.5554829678021466,17856,44,105,700,540,81,39,1008,511,2145,310,1227,29,23,459,620,119,127,168,29,71,678,245,28,529,33,53,118,818,102,81,61,83,333,448,123,952,467,45,223,90,768,43,22,662,439,135,945,331,345,300
