environment_step,learning_update,safe_q,risky_q,maximum_noisy_q,safe_signed_error,safe_absolute_error,risky_signed_error,risky_absolute_error,noisy_signed_error,noisy_absolute_error,greedy_risky_choice,training_risky_fraction,noisy_state_visits,action_0_samples,action_1_samples
1000,94,-0.030417844653129578,0.017491910606622696,-0.07791037857532501,-0.030417844653129578,0.030417844653129578,0.1164919106066227,0.1164919106066227,0.022089621424674993,0.022089621424674993,1,0.8068592057761733,447,252,194
2000,194,0.024296464398503304,0.029865726828575134,-0.13951057195663452,0.024296464398503304,0.024296464398503304,0.12886572682857514,0.12886572682857514,-0.039510571956634516,0.039510571956634516,1,0.8115942028985508,896,609,287
3000,294,-0.01225761417299509,0.06527075916528702,-0.10107088834047318,-0.01225761417299509,0.01225761417299509,0.16427075916528702,0.16427075916528702,-0.0010708883404731695,0.0010708883404731695,1,0.8472906403940886,1376,976,400
4000,394,0.04400798678398132,-0.09865045547485352,-0.08164770901203156,0.04400798678398132,0.04400798678398132,0.00034954452514648904,0.00034954452514648904,0.01835229098796845,0.01835229098796845,0,0.6359918200408998,1555,1135,420
5000,494,0.025296330451965332,-0.17067787051200867,-0.08387149125337601,0.025296330451965332,0.025296330451965332,-0.07167787051200866,0.07167787051200866,0.016128508746624,0.016128508746624,0,0.4740566037735849,1608,1166,442
6000,594,0.009153748862445354,-0.13122202455997467,-0.13729465007781982,0.009153748862445354,0.009153748862445354,-0.032222024559974666,0.032222024559974666,-0.03729465007781982,0.03729465007781982,0,0.38153350218742804,1657,1207,450
7000,694,-0.020822715014219284,-0.12586379051208496,-0.14575409889221191,-0.020822715014219284,0.020822715014219284,-0.026863790512084956,0.026863790512084956,-0.04575409889221191,0.04575409889221191,0,0.32269034573965616,1708,1255,452
8000,794,0.0066754561848938465,-0.15388628840446472,-0.07826743274927139,0.0066754561848938465,0.0066754561848938465,-0.05488628840446472,0.05488628840446472,0.021732567250728613,0.021732567250728613,0,0.28205128205128205,1760,1303,457
9000,894,-0.010042337700724602,-0.17590729892253876,-0.07993088662624359,-0.010042337700724602,0.010042337700724602,-0.07690729892253875,0.07690729892253875,0.020069113373756414,0.020069113373756414,0,0.2517385257301808,1810,1333,477
10000,994,-0.00035321712493896484,-0.15371127426624298,-0.13029518723487854,-0.00035321712493896484,0.00035321712493896484,-0.054711274266242976,0.054711274266242976,-0.030295187234878534,0.030295187234878534,0,0.22940742562085076,1866,1346,520
11000,1094,-0.001832648180425167,-0.17596659064292908,-0.04366077482700348,-0.001832648180425167,0.001832648180425167,-0.07696659064292907,0.07696659064292907,0.05633922517299653,0.05633922517299653,0,0.21092029942756496,1916,1370,546
12000,1194,0.009727030992507935,-0.17834721505641937,-0.046344541013240814,0.009727030992507935,0.009727030992507935,-0.07934721505641937,0.07934721505641937,0.05365545898675919,0.05365545898675919,0,0.1949810794662418,1958,1410,548
13000,1294,-0.008379853330552578,-0.05526920408010483,-0.05318552628159523,-0.008379853330552578,0.008379853330552578,0.04373079591989518,0.04373079591989518,0.046814473718404775,0.046814473718404775,0,0.18246316172457705,2006,1456,550
14000,1394,-0.009236226789653301,-0.03832321614027023,-0.11463760584592819,-0.009236226789653301,0.009236226789653301,0.06067678385972977,0.06067678385972977,-0.014637605845928187,0.014637605845928187,0,0.17164616285881665,2051,1493,558
15000,1494,-0.006375021766871214,-0.03967127948999405,-0.0520230308175087,-0.006375021766871214,0.006375021766871214,0.059328720510005956,0.059328720510005956,0.04797696918249131,0.04797696918249131,0,0.1624302541847489,2096,1535,561
16000,1594,-0.01458822749555111,-0.08533790707588196,-0.06139997020363808,-0.01458822749555111,0.01458822749555111,0.013662092924118047,0.013662092924118047,0.03860002979636193,0.03860002979636193,0,0.15390162988605222,2134,1563,571
17000,1694,-0.0029122335836291313,-0.07059764862060547,-0.07870443165302277,-0.0029122335836291313,0.0029122335836291313,0.028402351379394536,0.028402351379394536,0.02129556834697724,0.02129556834697724,0,0.1468663563381232,2177,1592,585
18000,1794,0.0021049389615654945,-0.0727100521326065,-0.13726969063282013,0.0021049389615654945,0.0021049389615654945,0.0262899478673935,0.0262899478673935,-0.037269690632820124,0.037269690632820124,0,0.14061212850896648,2219,1626,593
19000,1894,0.0008930717594921589,-0.03000137209892273,-0.11521357297897339,0.0008930717594921589,0.0008930717594921589,0.06899862790107728,0.06899862790107728,-0.015213572978973383,0.015213572978973383,0,0.13575228644868192,2271,1676,595
20000,1994,-0.008715650998055935,-0.10500123351812363,-0.17382174730300903,-0.008715650998055935,0.008715650998055935,-0.006001233518123622,0.006001233518123622,-0.07382174730300903,0.07382174730300903,0,0.13051834266010967,2309,1711,598
21000,2094,-0.004014697857201099,-0.07123354077339172,-0.0954904854297638,-0.004014697857201099,0.004014697857201099,0.02776645922660828,0.02776645922660828,0.004509514570236212,0.004509514570236212,0,0.1269117252481889,2365,1756,609
22000,2194,0.004934027791023254,-0.1116642951965332,-0.06559105217456818,0.004934027791023254,0.004934027791023254,-0.012664295196533198,0.012664295196533198,0.03440894782543183,0.03440894782543183,0,0.12296462661426165,2409,1760,649
23000,2294,-0.0016842547338455915,-0.04900467023253441,-0.00892150029540062,-0.0016842547338455915,0.0016842547338455915,0.049995329767465596,0.049995329767465596,0.09107849970459939,0.09107849970459939,0,0.11971179592035441,2459,1764,695
24000,2394,0.0028564399108290672,-0.12418434023857117,-0.04578915238380432,0.0028564399108290672,0.0028564399108290672,-0.025184340238571162,0.025184340238571162,0.054210847616195684,0.054210847616195684,0,0.11606603115554522,2496,1784,711
25000,2494,0.002968326909467578,-0.044823452830314636,-0.051413148641586304,0.002968326909467578,0.002968326909467578,0.05417654716968537,0.05417654716968537,0.0485868513584137,0.0485868513584137,0,0.11323863383354855,2543,1817,726
26000,2594,0.0036796971689909697,-0.033912286162376404,-0.026391442865133286,0.0036796971689909697,0.0036796971689909697,0.0650877138376236,0.0650877138376236,0.07360855713486672,0.07360855713486672,0,0.11092121004956418,2596,1818,778
27000,2694,0.00015669269487261772,-0.07472355663776398,-0.017692644149065018,0.00015669269487261772,0.00015669269487261772,0.024276443362236028,0.024276443362236028,0.08230735585093499,0.08230735585093499,0,0.10901174730961966,2654,1820,834
28000,2794,0.0003801989369094372,-0.08514084666967392,-0.048590414226055145,0.0003801989369094372,0.0003801989369094372,0.013859153330326085,0.013859153330326085,0.05140958577394486,0.05140958577394486,0,0.10658815160257677,2697,1841,856
29000,2894,0.0006130761466920376,-0.05054990574717522,0.00034182146191596985,0.0006130761466920376,0.0006130761466920376,0.04845009425282479,0.04845009425282479,0.10034182146191598,0.10034182146191598,0,0.10480399253304888,2751,1845,906
30000,2994,0.0024826775770634413,-0.009819939732551575,-0.014807518571615219,0.0024826775770634413,0.0024826775770634413,0.08918006026744843,0.08918006026744843,0.08519248142838479,0.08519248142838479,0,0.10391521931115691,2824,1849,975
31000,3094,0.0013935631141066551,-0.016291530802845955,-0.04626116901636124,0.0013935631141066551,0.0013935631141066551,0.08270846919715405,0.08270846919715405,0.05373883098363877,0.05373883098363877,0,0.10171298599758334,2862,1858,1004
32000,3194,0.0056793587282299995,-0.030154967680573463,-0.018577389419078827,0.0056793587282299995,0.0056793587282299995,0.06884503231942654,0.06884503231942654,0.08142261058092118,0.08142261058092118,0,0.09995875154681699,2908,1871,1037
33000,3294,-0.0013528575655072927,-0.01962917298078537,-0.03789650648832321,-0.0013528575655072927,0.0013528575655072927,0.07937082701921463,0.07937082701921463,0.062103493511676794,0.062103493511676794,0,0.09849871841816185,2959,1900,1059
34000,3394,0.00267736311070621,-0.02445918694138527,-0.03819876164197922,0.00267736311070621,0.00267736311070621,0.07454081305861474,0.07454081305861474,0.06180123835802079,0.06180123835802079,0,0.09737598037633541,3017,1938,1079
35000,3494,0.002012507990002632,-0.016297919675707817,-0.05902048945426941,0.002012507990002632,0.002012507990002632,0.08270208032429219,0.08270208032429219,0.040979510545730596,0.040979510545730596,0,0.09597319639278556,3065,1973,1091
36000,3594,-0.009385335259139538,-0.057230304926633835,-0.06668395549058914,-0.009385335259139538,0.009385335259139538,0.04176969507336617,0.04176969507336617,0.033316044509410864,0.033316044509410864,0,0.0949238115514462,3121,2026,1095
37000,3694,-0.0016688636969774961,-0.07605599611997604,-0.03709619119763374,-0.0016688636969774961,0.0016688636969774961,0.02294400388002396,0.02294400388002396,0.06290380880236626,0.06290380880236626,0,0.09393016586346568,3177,2082,1095
38000,3794,-0.00602784613147378,-0.06758013367652893,-0.02908819355070591,-0.00602784613147378,0.00602784613147378,0.031419866323471074,0.031419866323471074,0.0709118064492941,0.0709118064492941,0,0.09251911908458398,3218,2120,1098
39000,3894,0.0016528633423149586,-0.04181203991174698,-0.027798118069767952,0.0016528633423149586,0.0016528633423149586,0.057187960088253026,0.057187960088253026,0.07220188193023205,0.07220188193023205,0,0.09118379452169777,3259,2156,1103
40000,3994,0.0013590195449069142,-0.025680065155029297,0.005895210430026054,0.0013590195449069142,0.0013590195449069142,0.07331993484497071,0.07331993484497071,0.10589521043002606,0.10589521043002606,0,0.0900964735379081,3306,2201,1105
41000,4094,-0.00045777042396366596,-0.0580240897834301,-0.00928072165697813,-0.00045777042396366596,0.00045777042396366596,0.040975910216569905,0.040975910216569905,0.09071927834302188,0.09071927834302188,0,0.08903527411814705,3352,2246,1106
42000,4194,0.00424973713234067,-0.01661561243236065,-0.0023980289697647095,0.00424973713234067,0.00424973713234067,0.08238438756763936,0.08238438756763936,0.0976019710302353,0.0976019710302353,0,0.08788561659802627,3393,2286,1107
43000,4294,0.0015362614067271352,-0.02575700543820858,0.002682007383555174,0.0015362614067271352,0.0015362614067271352,0.07324299456179142,0.07324299456179142,0.10268200738355518,0.10268200738355518,0,0.08679168983470657,3434,2324,1110
44000,4394,-0.0009319792734459043,-0.028450001031160355,-0.013743303716182709,-0.0009319792734459043,0.0009319792734459043,0.07054999896883965,0.07054999896883965,0.0862566962838173,0.0862566962838173,0,0.08770888954810639,3548,2432,1116
45000,4494,0.0014067436568439007,-0.03000091016292572,-0.02588662877678871,0.0014067436568439007,0.0014067436568439007,0.06899908983707428,0.06899908983707428,0.0741133712232113,0.0741133712232113,0,0.08664155317299334,3588,2471,1117
46000,4594,-0.0003639981150627136,-0.021468158811330795,-0.03498467057943344,-0.0003639981150627136,0.0003639981150627136,0.07753184118866921,0.07753184118866921,0.06501532942056656,0.06501532942056656,0,0.08577633007600434,3634,2517,1117
47000,4694,0.000401204451918602,-0.012398000806570053,-0.1531459093093872,0.000401204451918602,0.000401204451918602,0.08660199919342995,0.08660199919342995,-0.0531459093093872,0.0531459093093872,0,0.08484904440956513,3676,2557,1119
48000,4794,-0.0007312800735235214,-0.12687750160694122,-0.08586043119430542,-0.0007312800735235214,0.0007312800735235214,-0.02787750160694122,0.02787750160694122,0.014139568805694586,0.014139568805694586,0,0.08437817688919011,3735,2566,1169
49000,4894,0.008680477738380432,-0.08846698701381683,-0.1382770985364914,0.008680477738380432,0.008680477738380432,0.010533012986183171,0.010533012986183171,-0.03827709853649139,0.03827709853649139,0,0.08380703811019442,3789,2601,1188
50000,4994,-0.0010834913700819016,-0.09869635850191116,-0.16683749854564667,-0.0010834913700819016,0.0010834913700819016,0.00030364149808884133,0.00030364149808884133,-0.06683749854564666,0.06683749854564666,0,0.08304813065892648,3834,2626,1208
